,year,hour,minute,day_of_week,month,day_of_month,weekend,in_promotion,time_to_promo_end,hour_sin,hour_cos,day_sin,day_cos,is_morning_rush,is_lunch_time,is_evening_rush,is_night,price,discount_rate,has_discount,price_ratio
0,2025,19,30,4,2,7,0,0,2.5,-0.9659258262890684,0.2588190451025203,-0.433883739117558,-0.9009688679024191,0,0,0,0,9.99,1.0,0.0,1.0
1,2025,11,0,5,2,8,1,0,11.0,0.258819045102521,-0.9659258262890682,-0.9749279121818236,-0.2225209339563146,0,1,0,0,9.99,1.0,0.0,1.0
2,2025,15,0,5,2,8,1,0,7.0,-0.7071067811865471,-0.7071067811865479,-0.9749279121818236,-0.2225209339563146,0,0,0,0,9.99,1.0,0.0,1.0
3,2025,17,30,5,2,8,1,0,4.5,-0.9659258262890683,-0.25881904510252063,-0.9749279121818236,-0.2225209339563146,0,0,1,0,9.99,1.0,0.0,1.0
4,2025,20,0,5,2,8,1,1,2.0,-0.8660254037844386,0.5000000000000001,-0.9749279121818236,-0.2225209339563146,0,0,0,0,4.99,0.4994994994994995,1.0,2.002004008016032
5,2025,20,30,5,2,8,1,1,1.5,-0.8660254037844386,0.5000000000000001,-0.9749279121818236,-0.2225209339563146,0,0,0,0,4.99,0.4994994994994995,1.0,2.002004008016032
6,2025,17,30,6,2,9,1,0,4.5,-0.9659258262890683,-0.25881904510252063,-0.7818314824680299,0.6234898018587334,0,0,1,0,9.99,1.0,0.0,1.0
7,2025,18,0,6,2,9,1,0,4.0,-1.0,-1.8369701987210297e-16,-0.7818314824680299,0.6234898018587334,0,0,1,0,9.99,1.0,0.0,1.0
8,2025,19,0,6,2,9,1,0,3.0,-0.9659258262890684,0.2588190451025203,-0.7818314824680299,0.6234898018587334,0,0,0,0,9.99,1.0,0.0,1.0
9,2025,20,0,6,2,9,1,1,2.0,-0.8660254037844386,0.5000000000000001,-0.7818314824680299,0.6234898018587334,0,0,0,0,9.99,1.0,0.0,1.0
10,2025,17,0,0,2,10,0,0,5.0,-0.9659258262890683,-0.25881904510252063,0.0,1.0,0,0,1,0,9.99,1.0,0.0,1.0
11,2025,19,30,0,2,10,0,0,2.5,-0.9659258262890684,0.2588190451025203,0.0,1.0,0,0,0,0,4.99,0.4994994994994995,1.0,2.002004008016032
12,2025,21,0,0,2,10,0,1,1.0,-0.7071067811865477,0.7071067811865474,0.0,1.0,0,0,0,0,4.99,0.4994994994994995,1.0,2.002004008016032
13,2025,20,0,1,2,11,0,1,2.0,-0.8660254037844386,0.5000000000000001,0.7818314824680298,0.6234898018587336,0,0,0,0,4.99,0.4994994994994995,1.0,2.002004008016032
14,2025,14,0,2,2,12,0,0,8.0,-0.4999999999999997,-0.8660254037844388,0.9749279121818236,-0.22252093395631434,0,0,0,0,9.99,1.0,0.0,1.0
15,2025,17,0,2,2,12,0,0,5.0,-0.9659258262890683,-0.25881904510252063,0.9749279121818236,-0.22252093395631434,0,0,1,0,9.99,1.0,0.0,1.0
16,2025,18,30,2,2,12,0,0,3.5,-1.0,-1.8369701987210297e-16,0.9749279121818236,-0.22252093395631434,0,0,1,0,9.99,1.0,0.0,1.0
17,2025,19,30,2,2,12,0,0,2.5,-0.9659258262890684,0.2588190451025203,0.9749279121818236,-0.22252093395631434,0,0,0,0,4.99,0.4994994994994995,1.0,2.002004008016032
18,2025,14,30,3,2,13,0,0,7.5,-0.4999999999999997,-0.8660254037844388,0.43388373911755823,-0.900968867902419,0,0,0,0,9.99,1.0,0.0,1.0
19,2025,17,30,3,2,13,0,0,4.5,-0.9659258262890683,-0.25881904510252063,0.43388373911755823,-0.900968867902419,0,0,1,0,9.99,1.0,0.0,1.0
20,2025,18,30,3,2,13,0,0,3.5,-1.0,-1.8369701987210297e-16,0.43388373911755823,-0.900968867902419,0,0,1,0,9.99,1.0,0.0,1.0
21,2025,19,0,3,2,13,0,0,3.0,-0.9659258262890684,0.2588190451025203,0.43388373911755823,-0.900968867902419,0,0,0,0,9.99,1.0,0.0,1.0
22,2025,18,0,4,2,14,0,0,4.0,-1.0,-1.8369701987210297e-16,-0.433883739117558,-0.9009688679024191,0,0,1,0,9.99,1.0,0.0,1.0
23,2025,19,30,4,2,14,0,0,2.5,-0.9659258262890684,0.2588190451025203,-0.433883739117558,-0.9009688679024191,0,0,0,0,9.99,1.0,0.0,1.0
24,2025,16,30,5,2,15,1,0,5.5,-0.8660254037844385,-0.5000000000000004,-0.9749279121818236,-0.2225209339563146,0,0,0,0,9.99,1.0,0.0,1.0
25,2025,17,0,5,2,15,1,0,5.0,-0.9659258262890683,-0.25881904510252063,-0.9749279121818236,-0.2225209339563146,0,0,1,0,9.99,1.0,0.0,1.0
26,2025,17,30,5,2,15,1,0,4.5,-0.9659258262890683,-0.25881904510252063,-0.9749279121818236,-0.2225209339563146,0,0,1,0,9.99,1.0,0.0,1.0
27,2025,19,0,5,2,15,1,0,3.0,-0.9659258262890684,0.2588190451025203,-0.9749279121818236,-0.2225209339563146,0,0,0,0,9.99,1.0,0.0,1.0
28,2025,15,0,6,2,16,1,0,7.0,-0.7071067811865471,-0.7071067811865479,-0.7818314824680299,0.6234898018587334,0,0,0,0,9.99,1.0,0.0,1.0
29,2025,17,0,6,2,16,1,0,5.0,-0.9659258262890683,-0.25881904510252063,-0.7818314824680299,0.6234898018587334,0,0,1,0,9.99,1.0,0.0,1.0
30,2025,18,0,6,2,16,1,0,4.0,-1.0,-1.8369701987210297e-16,-0.7818314824680299,0.6234898018587334,0,0,1,0,9.99,1.0,0.0,1.0
31,2025,16,30,0,2,17,0,0,5.5,-0.8660254037844385,-0.5000000000000004,0.0,1.0,0,0,0,0,9.99,1.0,0.0,1.0
32,2025,17,30,0,2,17,0,0,4.5,-0.9659258262890683,-0.25881904510252063,0.0,1.0,0,0,1,0,9.99,1.0,0.0,1.0
33,2025,20,30,0,2,17,0,1,1.5,-0.8660254037844386,0.5000000000000001,0.0,1.0,0,0,0,0,4.99,0.4994994994994995,1.0,2.002004008016032
34,2025,21,0,0,2,17,0,1,1.0,-0.7071067811865477,0.7071067811865474,0.0,1.0,0,0,0,0,4.99,0.4994994994994995,1.0,2.002004008016032
35,2025,16,0,1,2,18,0,0,6.0,-0.8660254037844385,-0.5000000000000004,0.7818314824680298,0.6234898018587336,0,0,0,0,9.99,1.0,0.0,1.0
36,2025,19,30,1,2,18,0,0,2.5,-0.9659258262890684,0.2588190451025203,0.7818314824680298,0.6234898018587336,0,0,0,0,4.99,0.4994994994994995,1.0,2.002004008016032
37,2025,22,0,1,2,18,0,0,0.0,-0.5000000000000004,0.8660254037844384,0.7818314824680298,0.6234898018587336,0,0,0,1,4.99,0.4994994994994995,1.0,2.002004008016032
38,2025,8,0,2,2,19,0,0,14.0,0.8660254037844387,-0.4999999999999998,0.9749279121818236,-0.22252093395631434,1,0,0,0,7.99,0.7997997997997998,1.0,1.2503128911138923
39,2025,15,0,2,2,19,0,0,7.0,-0.7071067811865471,-0.7071067811865479,0.9749279121818236,-0.22252093395631434,0,0,0,0,9.99,1.0,0.0,1.0
40,2025,16,0,2,2,19,0,0,6.0,-0.8660254037844385,-0.5000000000000004,0.9749279121818236,-0.22252093395631434,0,0,0,0,9.99,1.0,0.0,1.0
41,2025,17,0,2,2,19,0,0,5.0,-0.9659258262890683,-0.25881904510252063,0.9749279121818236,-0.22252093395631434,0,0,1,0,9.99,1.0,0.0,1.0
42,2025,18,0,2,2,19,0,0,4.0,-1.0,-1.8369701987210297e-16,0.9749279121818236,-0.22252093395631434,0,0,1,0,9.99,1.0,0.0,1.0
43,2025,20,0,2,2,19,0,1,2.0,-0.8660254037844386,0.5000000000000001,0.9749279121818236,-0.22252093395631434,0,0,0,0,4.99,0.4994994994994995,1.0,2.002004008016032
44,2025,20,30,2,2,19,0,1,1.5,-0.8660254037844386,0.5000000000000001,0.9749279121818236,-0.22252093395631434,0,0,0,0,4.99,0.4994994994994995,1.0,2.002004008016032
45,2025,21,30,2,2,19,0,1,0.5,-0.7071067811865477,0.7071067811865474,0.9749279121818236,-0.22252093395631434,0,0,0,0,4.99,0.4994994994994995,1.0,2.002004008016032
46,2025,13,0,3,2,20,0,0,9.0,-0.2588190451025208,-0.9659258262890683,0.43388373911755823,-0.900968867902419,0,0,0,0,9.49,0.94994994994995,1.0,1.0526870389884089
47,2025,9,0,6,2,23,1,0,13.0,0.7071067811865476,-0.7071067811865475,-0.7818314824680299,0.6234898018587334,0,0,0,0,7.99,0.7997997997997998,1.0,1.2503128911138923
48,2025,16,30,6,2,23,1,0,5.5,-0.8660254037844385,-0.5000000000000004,-0.7818314824680299,0.6234898018587334,0,0,0,0,9.99,1.0,0.0,1.0
49,2025,17,30,6,2,23,1,0,4.5,-0.9659258262890683,-0.25881904510252063,-0.7818314824680299,0.6234898018587334,0,0,1,0,9.99,1.0,0.0,1.0
50,2025,20,0,6,2,23,1,1,2.0,-0.8660254037844386,0.5000000000000001,-0.7818314824680299,0.6234898018587334,0,0,0,0,4.99,0.4994994994994995,1.0,2.002004008016032
51,2025,20,30,6,2,23,1,1,1.5,-0.8660254037844386,0.5000000000000001,-0.7818314824680299,0.6234898018587334,0,0,0,0,4.99,0.4994994994994995,1.0,2.002004008016032
52,2025,21,0,6,2,23,1,1,1.0,-0.7071067811865477,0.7071067811865474,-0.7818314824680299,0.6234898018587334,0,0,0,0,4.99,0.4994994994994995,1.0,2.002004008016032
53,2025,12,0,0,2,24,0,0,10.0,1.2246467991473532e-16,-1.0,0.0,1.0,0,1,0,0,7.99,0.8887652947719689,1.0,1.1251564455569463
54,2025,18,0,1,2,25,0,0,4.0,-1.0,-1.8369701987210297e-16,0.7818314824680298,0.6234898018587336,0,0,1,0,8.99,1.0,0.0,1.0
55,2025,18,30,1,2,25,0,0,3.5,-1.0,-1.8369701987210297e-16,0.7818314824680298,0.6234898018587336,0,0,1,0,8.99,1.0,0.0,1.0
56,2025,20,0,1,2,25,0,1,2.0,-0.8660254037844386,0.5000000000000001,0.7818314824680298,0.6234898018587336,0,0,0,0,4.49,0.4994438264738599,1.0,2.002227171492205
57,2025,20,30,1,2,25,0,1,1.5,-0.8660254037844386,0.5000000000000001,0.7818314824680298,0.6234898018587336,0,0,0,0,4.49,0.4994438264738599,1.0,2.002227171492205
58,2025,11,30,2,2,26,0,0,10.5,0.258819045102521,-0.9659258262890682,0.9749279121818236,-0.22252093395631434,0,1,0,0,8.99,1.0,0.0,1.0
59,2025,16,0,2,2,26,0,0,6.0,-0.8660254037844385,-0.5000000000000004,0.9749279121818236,-0.22252093395631434,0,0,0,0,8.99,1.0,0.0,1.0
60,2025,19,30,2,2,26,0,0,2.5,-0.9659258262890684,0.2588190451025203,0.9749279121818236,-0.22252093395631434,0,0,0,0,4.49,0.4994438264738599,1.0,2.002227171492205
61,2025,18,30,3,2,27,0,0,3.5,-1.0,-1.8369701987210297e-16,0.43388373911755823,-0.900968867902419,0,0,1,0,8.99,1.0,0.0,1.0
62,2025,19,30,3,2,27,0,0,2.5,-0.9659258262890684,0.2588190451025203,0.43388373911755823,-0.900968867902419,0,0,0,0,8.99,1.0,0.0,1.0
63,2025,20,30,3,2,27,0,1,1.5,-0.8660254037844386,0.5000000000000001,0.43388373911755823,-0.900968867902419,0,0,0,0,4.49,0.4994438264738599,1.0,2.002227171492205
64,2025,14,0,4,2,28,0,0,8.0,-0.4999999999999997,-0.8660254037844388,-0.433883739117558,-0.9009688679024191,0,0,0,0,8.99,1.0,0.0,1.0
65,2025,18,0,4,2,28,0,0,4.0,-1.0,-1.8369701987210297e-16,-0.433883739117558,-0.9009688679024191,0,0,1,0,8.99,1.0,0.0,1.0
66,2025,19,0,4,2,28,0,0,3.0,-0.9659258262890684,0.2588190451025203,-0.433883739117558,-0.9009688679024191,0,0,0,0,8.99,1.0,0.0,1.0
67,2025,17,0,6,3,2,1,0,5.0,-0.9659258262890683,-0.25881904510252063,-0.7818314824680299,0.6234898018587334,0,0,1,0,8.99,1.0,0.0,1.0
68,2025,21,0,6,3,2,1,1,1.0,-0.7071067811865477,0.7071067811865474,-0.7818314824680299,0.6234898018587334,0,0,0,0,4.49,0.4994438264738599,1.0,2.002227171492205
69,2025,21,30,6,3,2,1,1,0.5,-0.7071067811865477,0.7071067811865474,-0.7818314824680299,0.6234898018587334,0,0,0,0,4.49,0.4994438264738599,1.0,2.002227171492205
70,2025,13,30,0,3,3,0,0,8.5,-0.2588190451025208,-0.9659258262890683,0.0,1.0,0,0,0,0,8.99,1.0,0.0,1.0
71,2025,21,0,0,3,3,0,1,1.0,-0.7071067811865477,0.7071067811865474,0.0,1.0,0,0,0,0,4.49,0.4994438264738599,1.0,2.002227171492205
72,2025,14,0,3,3,6,0,0,8.0,-0.4999999999999997,-0.8660254037844388,0.43388373911755823,-0.900968867902419,0,0,0,0,8.99,1.0,0.0,1.0
73,2025,19,0,3,3,6,0,0,3.0,-0.9659258262890684,0.2588190451025203,0.43388373911755823,-0.900968867902419,0,0,0,0,8.99,1.0,0.0,1.0
74,2025,17,30,4,3,7,0,0,4.5,-0.9659258262890683,-0.25881904510252063,-0.433883739117558,-0.9009688679024191,0,0,1,0,8.99,1.0,0.0,1.0
75,2025,19,30,4,3,7,0,0,2.5,-0.9659258262890684,0.2588190451025203,-0.433883739117558,-0.9009688679024191,0,0,0,0,4.49,0.4994438264738599,1.0,2.002227171492205
76,2025,20,0,4,3,7,0,1,2.0,-0.8660254037844386,0.5000000000000001,-0.433883739117558,-0.9009688679024191,0,0,0,0,6.74,0.7497219132369299,0.5,1.3338278931750742
77,2025,20,30,4,3,7,0,1,1.5,-0.8660254037844386,0.5000000000000001,-0.433883739117558,-0.9009688679024191,0,0,0,0,4.49,0.4994438264738599,1.0,2.002227171492205
78,2025,21,0,4,3,7,0,1,1.0,-0.7071067811865477,0.7071067811865474,-0.433883739117558,-0.9009688679024191,0,0,0,0,4.49,0.4994438264738599,1.0,2.002227171492205
79,2025,12,0,5,3,8,1,0,10.0,1.2246467991473532e-16,-1.0,-0.9749279121818236,-0.2225209339563146,0,1,0,0,8.99,1.0,0.0,1.0
80,2025,19,30,5,3,8,1,0,2.5,-0.9659258262890684,0.2588190451025203,-0.9749279121818236,-0.2225209339563146,0,0,0,0,4.49,0.4994438264738599,1.0,2.002227171492205
81,2025,21,0,5,3,8,1,1,1.0,-0.7071067811865477,0.7071067811865474,-0.9749279121818236,-0.2225209339563146,0,0,0,0,4.49,0.4994438264738599,1.0,2.002227171492205
82,2025,12,30,6,3,9,1,0,9.5,1.2246467991473532e-16,-1.0,-0.7818314824680299,0.6234898018587334,0,1,0,0,8.99,1.0,0.0,1.0
83,2025,18,0,6,3,9,1,0,4.0,-1.0,-1.8369701987210297e-16,-0.7818314824680299,0.6234898018587334,0,0,1,0,8.99,1.0,0.0,1.0
84,2025,19,0,6,3,9,1,0,3.0,-0.9659258262890684,0.2588190451025203,-0.7818314824680299,0.6234898018587334,0,0,0,0,7.99,0.8887652947719689,1.0,1.1251564455569463
85,2025,20,30,6,3,9,1,1,1.5,-0.8660254037844386,0.5000000000000001,-0.7818314824680299,0.6234898018587334,0,0,0,0,4.49,0.4994438264738599,1.0,2.002227171492205
86,2025,19,0,3,3,13,0,0,3.0,-0.9659258262890684,0.2588190451025203,0.43388373911755823,-0.900968867902419,0,0,0,0,8.99,1.0,0.0,1.0
87,2025,19,30,3,3,13,0,0,2.5,-0.9659258262890684,0.2588190451025203,0.43388373911755823,-0.900968867902419,0,0,0,0,4.49,0.4994438264738599,1.0,2.002227171492205
88,2025,20,0,3,3,13,0,1,2.0,-0.8660254037844386,0.5000000000000001,0.43388373911755823,-0.900968867902419,0,0,0,0,4.49,0.4994438264738599,1.0,2.002227171492205
89,2025,20,30,3,3,13,0,1,1.5,-0.8660254037844386,0.5000000000000001,0.43388373911755823,-0.900968867902419,0,0,0,0,4.49,0.4994438264738599,1.0,2.002227171492205
90,2025,21,30,3,3,13,0,1,0.5,-0.7071067811865477,0.7071067811865474,0.43388373911755823,-0.900968867902419,0,0,0,0,8.99,1.0,0.0,1.0
91,2025,17,30,4,3,14,0,0,4.5,-0.9659258262890683,-0.25881904510252063,-0.433883739117558,-0.9009688679024191,0,0,1,0,8.99,1.0,0.0,1.0
92,2025,19,0,4,3,14,0,0,3.0,-0.9659258262890684,0.2588190451025203,-0.433883739117558,-0.9009688679024191,0,0,0,0,8.99,1.0,0.0,1.0
93,2025,21,30,4,3,14,0,1,0.5,-0.7071067811865477,0.7071067811865474,-0.433883739117558,-0.9009688679024191,0,0,0,0,4.49,0.4994438264738599,1.0,2.002227171492205
94,2025,20,30,5,3,15,1,1,1.5,-0.8660254037844386,0.5000000000000001,-0.9749279121818236,-0.2225209339563146,0,0,0,0,4.49,0.4994438264738599,1.0,2.002227171492205
95,2025,21,0,5,3,15,1,1,1.0,-0.7071067811865477,0.7071067811865474,-0.9749279121818236,-0.2225209339563146,0,0,0,0,4.49,0.4994438264738599,1.0,2.002227171492205
96,2025,21,30,5,3,15,1,1,0.5,-0.7071067811865477,0.7071067811865474,-0.9749279121818236,-0.2225209339563146,0,0,0,0,4.49,0.4994438264738599,1.0,2.002227171492205
97,2025,15,0,6,3,16,1,0,7.0,-0.7071067811865471,-0.7071067811865479,-0.7818314824680299,0.6234898018587334,0,0,0,0,8.99,1.0,0.0,1.0
98,2025,18,0,6,3,16,1,0,4.0,-1.0,-1.8369701987210297e-16,-0.7818314824680299,0.6234898018587334,0,0,1,0,8.99,1.0,0.0,1.0
99,2025,18,30,6,3,16,1,0,3.5,-1.0,-1.8369701987210297e-16,-0.7818314824680299,0.6234898018587334,0,0,1,0,8.99,1.0,0.0,1.0
100,2025,20,0,6,3,16,1,1,2.0,-0.8660254037844386,0.5000000000000001,-0.7818314824680299,0.6234898018587334,0,0,0,0,4.49,0.4994438264738599,1.0,2.002227171492205
101,2025,20,30,0,3,17,0,1,1.5,-0.8660254037844386,0.5000000000000001,0.0,1.0,0,0,0,0,8.99,1.0,0.0,1.0
102,2025,14,30,1,3,18,0,0,7.5,-0.4999999999999997,-0.8660254037844388,0.7818314824680298,0.6234898018587336,0,0,0,0,8.99,1.0,0.0,1.0
103,2025,21,0,1,3,18,0,1,1.0,-0.7071067811865477,0.7071067811865474,0.7818314824680298,0.6234898018587336,0,0,0,0,4.49,0.4994438264738599,1.0,2.002227171492205
104,2025,17,30,3,3,20,0,0,4.5,-0.9659258262890683,-0.25881904510252063,0.43388373911755823,-0.900968867902419,0,0,1,0,7.91,0.8798665183537263,1.0,1.13653603034134
105,2025,18,0,3,3,20,0,0,4.0,-1.0,-1.8369701987210297e-16,0.43388373911755823,-0.900968867902419,0,0,1,0,7.91,0.8798665183537263,1.0,1.13653603034134
106,2025,18,30,3,3,20,0,0,3.5,-1.0,-1.8369701987210297e-16,0.43388373911755823,-0.900968867902419,0,0,1,0,7.91,0.8798665183537263,1.0,1.13653603034134
107,2025,19,30,3,3,20,0,0,2.5,-0.9659258262890684,0.2588190451025203,0.43388373911755823,-0.900968867902419,0,0,0,0,7.91,0.8798665183537263,1.0,1.13653603034134
108,2025,21,0,3,3,20,0,1,1.0,-0.7071067811865477,0.7071067811865474,0.43388373911755823,-0.900968867902419,0,0,0,0,4.49,0.4994438264738599,1.0,2.002227171492205
109,2025,15,0,4,3,21,0,0,7.0,-0.7071067811865471,-0.7071067811865479,-0.433883739117558,-0.9009688679024191,0,0,0,0,8.99,1.0,0.0,1.0
110,2025,17,30,5,3,22,1,0,4.5,-0.9659258262890683,-0.25881904510252063,-0.9749279121818236,-0.2225209339563146,0,0,1,0,8.99,1.0,0.0,1.0
111,2025,18,30,5,3,22,1,0,3.5,-1.0,-1.8369701987210297e-16,-0.9749279121818236,-0.2225209339563146,0,0,1,0,8.99,1.0,0.0,1.0
112,2025,19,30,5,3,22,1,0,2.5,-0.9659258262890684,0.2588190451025203,-0.9749279121818236,-0.2225209339563146,0,0,0,0,4.49,0.4994438264738599,1.0,2.002227171492205
113,2025,20,0,5,3,22,1,1,2.0,-0.8660254037844386,0.5000000000000001,-0.9749279121818236,-0.2225209339563146,0,0,0,0,4.49,0.4994438264738599,1.0,2.002227171492205
114,2025,21,0,5,3,22,1,1,1.0,-0.7071067811865477,0.7071067811865474,-0.9749279121818236,-0.2225209339563146,0,0,0,0,5.390000000000001,0.5995550611790879,0.8,1.6679035250463823
115,2025,17,0,6,3,23,1,0,5.0,-0.9659258262890683,-0.25881904510252063,-0.7818314824680299,0.6234898018587334,0,0,1,0,8.99,1.0,0.0,1.0
116,2025,17,30,6,3,23,1,0,4.5,-0.9659258262890683,-0.25881904510252063,-0.7818314824680299,0.6234898018587334,0,0,1,0,8.99,1.0,0.0,1.0
117,2025,18,0,6,3,23,1,0,4.0,-1.0,-1.8369701987210297e-16,-0.7818314824680299,0.6234898018587334,0,0,1,0,8.99,1.0,0.0,1.0
118,2025,19,30,6,3,23,1,0,2.5,-0.9659258262890684,0.2588190451025203,-0.7818314824680299,0.6234898018587334,0,0,0,0,4.49,0.4994438264738599,1.0,2.002227171492205
119,2025,20,30,6,3,23,1,1,1.5,-0.8660254037844386,0.5000000000000001,-0.7818314824680299,0.6234898018587334,0,0,0,0,4.49,0.4994438264738599,1.0,2.002227171492205
120,2025,21,0,6,3,23,1,1,1.0,-0.7071067811865477,0.7071067811865474,-0.7818314824680299,0.6234898018587334,0,0,0,0,4.49,0.4994438264738599,1.0,2.002227171492205
121,2025,21,30,6,3,23,1,1,0.5,-0.7071067811865477,0.7071067811865474,-0.7818314824680299,0.6234898018587334,0,0,0,0,4.49,0.4994438264738599,1.0,2.002227171492205
122,2025,16,30,1,3,25,0,0,5.5,-0.8660254037844385,-0.5000000000000004,0.7818314824680298,0.6234898018587336,0,0,0,0,8.99,1.0,0.0,1.0
123,2025,20,0,1,3,25,0,1,2.0,-0.8660254037844386,0.5000000000000001,0.7818314824680298,0.6234898018587336,0,0,0,0,4.49,0.4994438264738599,1.0,2.002227171492205
124,2025,20,30,1,3,25,0,1,1.5,-0.8660254037844386,0.5000000000000001,0.7818314824680298,0.6234898018587336,0,0,0,0,4.49,0.4994438264738599,1.0,2.002227171492205
125,2025,21,30,1,3,25,0,1,0.5,-0.7071067811865477,0.7071067811865474,0.7818314824680298,0.6234898018587336,0,0,0,0,4.49,0.4994438264738599,1.0,2.002227171492205
126,2025,16,30,2,3,26,0,0,5.5,-0.8660254037844385,-0.5000000000000004,0.9749279121818236,-0.22252093395631434,0,0,0,0,8.99,1.0,0.0,1.0
127,2025,19,0,2,3,26,0,0,3.0,-0.9659258262890684,0.2588190451025203,0.9749279121818236,-0.22252093395631434,0,0,0,0,4.49,0.4994438264738599,1.0,2.002227171492205
128,2025,19,30,2,3,26,0,0,2.5,-0.9659258262890684,0.2588190451025203,0.9749279121818236,-0.22252093395631434,0,0,0,0,4.49,0.4994438264738599,1.0,2.002227171492205
129,2025,21,0,2,3,26,0,1,1.0,-0.7071067811865477,0.7071067811865474,0.9749279121818236,-0.22252093395631434,0,0,0,0,4.49,0.4994438264738599,1.0,2.002227171492205
130,2025,21,30,2,3,26,0,1,0.5,-0.7071067811865477,0.7071067811865474,0.9749279121818236,-0.22252093395631434,0,0,0,0,4.49,0.4994438264738599,1.0,2.002227171492205
131,2025,19,30,3,3,27,0,0,2.5,-0.9659258262890684,0.2588190451025203,0.43388373911755823,-0.900968867902419,0,0,0,0,4.49,0.4994438264738599,1.0,2.002227171492205
132,2025,20,0,3,3,27,0,1,2.0,-0.8660254037844386,0.5000000000000001,0.43388373911755823,-0.900968867902419,0,0,0,0,4.49,0.4994438264738599,1.0,2.002227171492205
133,2025,13,0,5,3,29,1,0,9.0,-0.2588190451025208,-0.9659258262890683,-0.9749279121818236,-0.2225209339563146,0,0,0,0,7.99,0.8887652947719689,1.0,1.1251564455569463
134,2025,14,0,5,3,29,1,0,8.0,-0.4999999999999997,-0.8660254037844388,-0.9749279121818236,-0.2225209339563146,0,0,0,0,7.99,0.8887652947719689,1.0,1.1251564455569463
135,2025,16,30,3,4,3,0,0,5.5,-0.8660254037844385,-0.5000000000000004,0.43388373911755823,-0.900968867902419,0,0,0,0,8.99,1.0,0.0,1.0
136,2025,18,0,3,4,3,0,0,4.0,-1.0,-1.8369701987210297e-16,0.43388373911755823,-0.900968867902419,0,0,1,0,8.99,1.0,0.0,1.0
137,2025,20,30,3,4,3,0,1,1.5,-0.8660254037844386,0.5000000000000001,0.43388373911755823,-0.900968867902419,0,0,0,0,8.99,1.0,0.0,1.0
138,2025,13,0,5,4,5,1,0,9.0,-0.2588190451025208,-0.9659258262890683,-0.9749279121818236,-0.2225209339563146,0,0,0,0,7.99,0.8887652947719689,1.0,1.1251564455569463
139,2025,16,30,5,4,5,1,0,5.5,-0.8660254037844385,-0.5000000000000004,-0.9749279121818236,-0.2225209339563146,0,0,0,0,8.99,1.0,0.0,1.0
140,2025,18,0,5,4,5,1,0,4.0,-1.0,-1.8369701987210297e-16,-0.9749279121818236,-0.2225209339563146,0,0,1,0,8.99,1.0,0.0,1.0
141,2025,20,30,5,4,5,1,1,1.5,-0.8660254037844386,0.5000000000000001,-0.9749279121818236,-0.2225209339563146,0,0,0,0,8.99,1.0,0.0,1.0
142,2025,21,30,5,4,5,1,1,0.5,-0.7071067811865477,0.7071067811865474,-0.9749279121818236,-0.2225209339563146,0,0,0,0,8.99,1.0,0.0,1.0
143,2025,21,0,6,4,6,1,1,1.0,-0.7071067811865477,0.7071067811865474,-0.7818314824680299,0.6234898018587334,0,0,0,0,8.99,1.0,0.0,1.0
144,2025,13,30,0,4,7,0,0,8.5,-0.2588190451025208,-0.9659258262890683,0.0,1.0,0,0,0,0,8.99,1.0,0.0,1.0
145,2025,14,30,0,4,7,0,0,7.5,-0.4999999999999997,-0.8660254037844388,0.0,1.0,0,0,0,0,8.99,1.0,0.0,1.0
146,2025,15,0,0,4,7,0,0,7.0,-0.7071067811865471,-0.7071067811865479,0.0,1.0,0,0,0,0,8.99,1.0,0.0,1.0
147,2025,18,30,0,4,7,0,0,3.5,-1.0,-1.8369701987210297e-16,0.0,1.0,0,0,1,0,8.99,1.0,0.0,1.0
148,2025,21,0,0,4,7,0,1,1.0,-0.7071067811865477,0.7071067811865474,0.0,1.0,0,0,0,0,4.49,0.4994438264738599,1.0,2.002227171492205
149,2025,18,0,3,4,10,0,0,4.0,-1.0,-1.8369701987210297e-16,0.43388373911755823,-0.900968867902419,0,0,1,0,8.99,1.0,0.0,1.0
150,2025,13,0,4,4,11,0,0,9.0,-0.2588190451025208,-0.9659258262890683,-0.433883739117558,-0.9009688679024191,0,0,0,0,8.99,1.0,0.0,1.0
151,2025,19,0,5,4,12,1,0,3.0,-0.9659258262890684,0.2588190451025203,-0.9749279121818236,-0.2225209339563146,0,0,0,0,8.99,1.0,0.0,1.0
152,2025,16,30,6,4,13,1,0,5.5,-0.8660254037844385,-0.5000000000000004,-0.7818314824680299,0.6234898018587334,0,0,0,0,8.99,1.0,0.0,1.0
153,2025,17,30,6,4,13,1,0,4.5,-0.9659258262890683,-0.25881904510252063,-0.7818314824680299,0.6234898018587334,0,0,1,0,8.99,1.0,0.0,1.0
154,2025,18,0,6,4,13,1,0,4.0,-1.0,-1.8369701987210297e-16,-0.7818314824680299,0.6234898018587334,0,0,1,0,8.99,1.0,0.0,1.0
155,2025,21,30,6,4,13,1,1,0.5,-0.7071067811865477,0.7071067811865474,-0.7818314824680299,0.6234898018587334,0,0,0,0,8.99,1.0,0.0,1.0
156,2025,12,30,0,4,14,0,0,9.5,1.2246467991473532e-16,-1.0,0.0,1.0,0,1,0,0,7.99,0.8887652947719689,1.0,1.1251564455569463
157,2025,17,0,3,4,17,0,0,5.0,-0.9659258262890683,-0.25881904510252063,0.43388373911755823,-0.900968867902419,0,0,1,0,8.99,1.0,0.0,1.0
158,2025,18,30,3,4,17,0,0,3.5,-1.0,-1.8369701987210297e-16,0.43388373911755823,-0.900968867902419,0,0,1,0,8.99,1.0,0.0,1.0
159,2025,18,0,4,4,18,0,0,4.0,-1.0,-1.8369701987210297e-16,-0.433883739117558,-0.9009688679024191,0,0,1,0,7.99,0.8887652947719689,1.0,1.1251564455569463
160,2025,20,30,4,4,18,0,1,1.5,-0.8660254037844386,0.5000000000000001,-0.433883739117558,-0.9009688679024191,0,0,0,0,8.99,1.0,0.0,1.0
161,2025,21,30,4,4,18,0,1,0.5,-0.7071067811865477,0.7071067811865474,-0.433883739117558,-0.9009688679024191,0,0,0,0,8.99,1.0,0.0,1.0
162,2025,11,30,5,4,19,1,0,10.5,0.258819045102521,-0.9659258262890682,-0.9749279121818236,-0.2225209339563146,0,1,0,0,7.99,0.8887652947719689,1.0,1.1251564455569463
163,2025,19,0,5,4,19,1,0,3.0,-0.9659258262890684,0.2588190451025203,-0.9749279121818236,-0.2225209339563146,0,0,0,0,8.99,1.0,0.0,1.0
164,2025,20,0,5,4,19,1,1,2.0,-0.8660254037844386,0.5000000000000001,-0.9749279121818236,-0.2225209339563146,0,0,0,0,8.99,1.0,0.0,1.0
165,2025,15,0,6,4,20,1,0,7.0,-0.7071067811865471,-0.7071067811865479,-0.7818314824680299,0.6234898018587334,0,0,0,0,8.99,1.0,0.0,1.0
166,2025,21,0,6,4,20,1,1,1.0,-0.7071067811865477,0.7071067811865474,-0.7818314824680299,0.6234898018587334,0,0,0,0,8.99,1.0,0.0,1.0
167,2025,19,0,2,4,23,0,0,3.0,-0.9659258262890684,0.2588190451025203,0.9749279121818236,-0.22252093395631434,0,0,0,0,8.99,1.0,0.0,1.0
168,2025,21,30,2,4,23,0,1,0.5,-0.7071067811865477,0.7071067811865474,0.9749279121818236,-0.22252093395631434,0,0,0,0,8.99,1.0,0.0,1.0
169,2025,22,0,2,4,23,0,0,0.0,-0.5000000000000004,0.8660254037844384,0.9749279121818236,-0.22252093395631434,0,0,0,1,8.99,1.0,0.0,1.0
170,2025,17,0,3,4,24,0,0,5.0,-0.9659258262890683,-0.25881904510252063,0.43388373911755823,-0.900968867902419,0,0,1,0,8.99,1.0,0.0,1.0
171,2025,16,30,4,4,25,0,0,5.5,-0.8660254037844385,-0.5000000000000004,-0.433883739117558,-0.9009688679024191,0,0,0,0,8.99,1.0,0.0,1.0
172,2025,17,0,4,4,25,0,0,5.0,-0.9659258262890683,-0.25881904510252063,-0.433883739117558,-0.9009688679024191,0,0,1,0,8.99,1.0,0.0,1.0
173,2025,19,30,4,4,25,0,0,2.5,-0.9659258262890684,0.2588190451025203,-0.433883739117558,-0.9009688679024191,0,0,0,0,8.99,1.0,0.0,1.0
174,2025,14,30,5,4,26,1,0,7.5,-0.4999999999999997,-0.8660254037844388,-0.9749279121818236,-0.2225209339563146,0,0,0,0,8.99,1.0,0.0,1.0
175,2025,18,0,5,4,26,1,0,4.0,-1.0,-1.8369701987210297e-16,-0.9749279121818236,-0.2225209339563146,0,0,1,0,8.99,1.0,0.0,1.0
176,2025,19,30,5,4,26,1,0,2.5,-0.9659258262890684,0.2588190451025203,-0.9749279121818236,-0.2225209339563146,0,0,0,0,8.99,1.0,0.0,1.0
177,2025,20,0,5,4,26,1,1,2.0,-0.8660254037844386,0.5000000000000001,-0.9749279121818236,-0.2225209339563146,0,0,0,0,8.99,1.0,0.0,1.0
178,2025,14,0,6,4,27,1,0,8.0,-0.4999999999999997,-0.8660254037844388,-0.7818314824680299,0.6234898018587334,0,0,0,0,8.99,1.0,0.0,1.0
179,2025,15,30,6,4,27,1,0,6.5,-0.7071067811865471,-0.7071067811865479,-0.7818314824680299,0.6234898018587334,0,0,0,0,8.99,1.0,0.0,1.0
180,2025,16,30,6,4,27,1,0,5.5,-0.8660254037844385,-0.5000000000000004,-0.7818314824680299,0.6234898018587334,0,0,0,0,8.99,1.0,0.0,1.0
181,2025,19,0,6,4,27,1,0,3.0,-0.9659258262890684,0.2588190451025203,-0.7818314824680299,0.6234898018587334,0,0,0,0,8.99,1.0,0.0,1.0
182,2025,19,30,6,4,27,1,0,2.5,-0.9659258262890684,0.2588190451025203,-0.7818314824680299,0.6234898018587334,0,0,0,0,8.99,1.0,0.0,1.0
183,2025,19,30,1,4,29,0,0,2.5,-0.9659258262890684,0.2588190451025203,0.7818314824680298,0.6234898018587336,0,0,0,0,8.99,1.0,0.0,1.0
184,2025,15,30,2,4,30,0,0,6.5,-0.7071067811865471,-0.7071067811865479,0.9749279121818236,-0.22252093395631434,0,0,0,0,8.99,1.0,0.0,1.0
185,2025,16,0,6,5,4,1,0,6.0,-0.8660254037844385,-0.5000000000000004,-0.7818314824680299,0.6234898018587334,0,0,0,0,8.99,1.0,0.0,1.0
186,2025,17,0,6,5,4,1,0,5.0,-0.9659258262890683,-0.25881904510252063,-0.7818314824680299,0.6234898018587334,0,0,1,0,8.99,1.0,0.0,1.0
187,2025,20,0,6,5,4,1,1,2.0,-0.8660254037844386,0.5000000000000001,-0.7818314824680299,0.6234898018587334,0,0,0,0,8.99,1.0,0.0,1.0
188,2025,19,30,1,5,6,0,0,2.5,-0.9659258262890684,0.2588190451025203,0.7818314824680298,0.6234898018587336,0,0,0,0,8.99,1.0,0.0,1.0
189,2025,17,30,2,5,7,0,0,4.5,-0.9659258262890683,-0.25881904510252063,0.9749279121818236,-0.22252093395631434,0,0,1,0,8.99,1.0,0.0,1.0
190,2025,19,30,2,5,7,0,0,2.5,-0.9659258262890684,0.2588190451025203,0.9749279121818236,-0.22252093395631434,0,0,0,0,8.99,1.0,0.0,1.0
191,2025,15,30,4,5,9,0,0,6.5,-0.7071067811865471,-0.7071067811865479,-0.433883739117558,-0.9009688679024191,0,0,0,0,8.99,1.0,0.0,1.0
192,2025,16,0,4,5,9,0,0,6.0,-0.8660254037844385,-0.5000000000000004,-0.433883739117558,-0.9009688679024191,0,0,0,0,8.99,1.0,0.0,1.0
193,2025,19,0,4,5,9,0,0,3.0,-0.9659258262890684,0.2588190451025203,-0.433883739117558,-0.9009688679024191,0,0,0,0,8.99,1.0,0.0,1.0
194,2025,20,0,4,5,9,0,1,2.0,-0.8660254037844386,0.5000000000000001,-0.433883739117558,-0.9009688679024191,0,0,0,0,8.99,1.0,0.0,1.0
195,2025,16,30,5,5,10,1,0,5.5,-0.8660254037844385,-0.5000000000000004,-0.9749279121818236,-0.2225209339563146,0,0,0,0,8.99,1.0,0.0,1.0
196,2025,20,0,6,5,11,1,1,2.0,-0.8660254037844386,0.5000000000000001,-0.7818314824680299,0.6234898018587334,0,0,0,0,8.99,1.0,0.0,1.0
197,2025,16,30,0,5,12,0,0,5.5,-0.8660254037844385,-0.5000000000000004,0.0,1.0,0,0,0,0,8.99,1.0,0.0,1.0
198,2025,19,30,0,5,12,0,0,2.5,-0.9659258262890684,0.2588190451025203,0.0,1.0,0,0,0,0,8.99,1.0,0.0,1.0
199,2025,20,0,0,5,12,0,1,2.0,-0.8660254037844386,0.5000000000000001,0.0,1.0,0,0,0,0,8.99,1.0,0.0,1.0
200,2025,20,0,1,5,13,0,1,2.0,-0.8660254037844386,0.5000000000000001,0.7818314824680298,0.6234898018587336,0,0,0,0,8.99,1.0,0.0,1.0
201,2025,16,0,2,5,14,0,0,6.0,-0.8660254037844385,-0.5000000000000004,0.9749279121818236,-0.22252093395631434,0,0,0,0,8.99,1.0,0.0,1.0
202,2025,19,0,2,5,14,0,0,3.0,-0.9659258262890684,0.2588190451025203,0.9749279121818236,-0.22252093395631434,0,0,0,0,8.99,1.0,0.0,1.0
203,2025,21,0,2,5,14,0,1,1.0,-0.7071067811865477,0.7071067811865474,0.9749279121818236,-0.22252093395631434,0,0,0,0,8.99,1.0,0.0,1.0
204,2025,16,30,3,5,15,0,0,5.5,-0.8660254037844385,-0.5000000000000004,0.43388373911755823,-0.900968867902419,0,0,0,0,8.99,1.0,0.0,1.0
205,2025,17,30,3,5,15,0,0,4.5,-0.9659258262890683,-0.25881904510252063,0.43388373911755823,-0.900968867902419,0,0,1,0,8.99,1.0,0.0,1.0
206,2025,19,0,3,5,15,0,0,3.0,-0.9659258262890684,0.2588190451025203,0.43388373911755823,-0.900968867902419,0,0,0,0,7.99,1.0,0.0,1.0
207,2025,14,0,5,5,17,1,0,8.0,-0.4999999999999997,-0.8660254037844388,-0.9749279121818236,-0.2225209339563146,0,0,0,0,7.99,1.0,0.0,1.0
208,2025,18,0,5,5,17,1,0,4.0,-1.0,-1.8369701987210297e-16,-0.9749279121818236,-0.2225209339563146,0,0,1,0,7.99,1.0,0.0,1.0
209,2025,20,0,5,5,17,1,1,2.0,-0.8660254037844386,0.5000000000000001,-0.9749279121818236,-0.2225209339563146,0,0,0,0,7.99,1.0,0.0,1.0
210,2025,20,30,5,5,17,1,1,1.5,-0.8660254037844386,0.5000000000000001,-0.9749279121818236,-0.2225209339563146,0,0,0,0,7.99,1.0,0.0,1.0
211,2025,21,0,5,5,17,1,1,1.0,-0.7071067811865477,0.7071067811865474,-0.9749279121818236,-0.2225209339563146,0,0,0,0,7.99,1.0,0.0,1.0
212,2025,14,0,6,5,18,1,0,8.0,-0.4999999999999997,-0.8660254037844388,-0.7818314824680299,0.6234898018587334,0,0,0,0,7.99,1.0,0.0,1.0
213,2025,15,30,6,5,18,1,0,6.5,-0.7071067811865471,-0.7071067811865479,-0.7818314824680299,0.6234898018587334,0,0,0,0,7.99,1.0,0.0,1.0
214,2025,16,0,6,5,18,1,0,6.0,-0.8660254037844385,-0.5000000000000004,-0.7818314824680299,0.6234898018587334,0,0,0,0,7.99,1.0,0.0,1.0
215,2025,17,0,6,5,18,1,0,5.0,-0.9659258262890683,-0.25881904510252063,-0.7818314824680299,0.6234898018587334,0,0,1,0,7.99,1.0,0.0,1.0
216,2025,21,30,6,5,18,1,1,0.5,-0.7071067811865477,0.7071067811865474,-0.7818314824680299,0.6234898018587334,0,0,0,0,7.99,1.0,0.0,1.0
217,2025,13,0,0,5,19,0,0,9.0,-0.2588190451025208,-0.9659258262890683,0.0,1.0,0,0,0,0,7.99,1.0,0.0,1.0
218,2025,19,30,0,5,19,0,0,2.5,-0.9659258262890684,0.2588190451025203,0.0,1.0,0,0,0,0,7.99,1.0,0.0,1.0
219,2025,20,0,0,5,19,0,1,2.0,-0.8660254037844386,0.5000000000000001,0.0,1.0,0,0,0,0,7.99,1.0,0.0,1.0
220,2025,12,30,1,5,20,0,0,9.5,1.2246467991473532e-16,-1.0,0.7818314824680298,0.6234898018587336,0,1,0,0,7.99,1.0,0.0,1.0
221,2025,17,30,1,5,20,0,0,4.5,-0.9659258262890683,-0.25881904510252063,0.7818314824680298,0.6234898018587336,0,0,1,0,7.99,1.0,0.0,1.0
222,2025,20,30,1,5,20,0,1,1.5,-0.8660254037844386,0.5000000000000001,0.7818314824680298,0.6234898018587336,0,0,0,0,7.99,1.0,0.0,1.0
223,2025,21,30,1,5,20,0,1,0.5,-0.7071067811865477,0.7071067811865474,0.7818314824680298,0.6234898018587336,0,0,0,0,7.99,1.0,0.0,1.0
224,2025,19,30,2,5,21,0,0,2.5,-0.9659258262890684,0.2588190451025203,0.9749279121818236,-0.22252093395631434,0,0,0,0,7.99,1.0,0.0,1.0
225,2025,20,0,2,5,21,0,1,2.0,-0.8660254037844386,0.5000000000000001,0.9749279121818236,-0.22252093395631434,0,0,0,0,7.99,1.0,0.0,1.0
226,2025,16,0,4,5,23,0,0,6.0,-0.8660254037844385,-0.5000000000000004,-0.433883739117558,-0.9009688679024191,0,0,0,0,7.99,1.0,0.0,1.0
227,2025,17,0,4,5,23,0,0,5.0,-0.9659258262890683,-0.25881904510252063,-0.433883739117558,-0.9009688679024191,0,0,1,0,7.99,1.0,0.0,1.0
228,2025,20,30,4,5,23,0,1,1.5,-0.8660254037844386,0.5000000000000001,-0.433883739117558,-0.9009688679024191,0,0,0,0,7.99,1.0,0.0,1.0
229,2025,14,0,5,5,24,1,0,8.0,-0.4999999999999997,-0.8660254037844388,-0.9749279121818236,-0.2225209339563146,0,0,0,0,7.99,1.0,0.0,1.0
230,2025,14,30,5,5,24,1,0,7.5,-0.4999999999999997,-0.8660254037844388,-0.9749279121818236,-0.2225209339563146,0,0,0,0,7.99,1.0,0.0,1.0
231,2025,20,0,5,5,24,1,1,2.0,-0.8660254037844386,0.5000000000000001,-0.9749279121818236,-0.2225209339563146,0,0,0,0,7.99,1.0,0.0,1.0
232,2025,21,30,5,5,24,1,1,0.5,-0.7071067811865477,0.7071067811865474,-0.9749279121818236,-0.2225209339563146,0,0,0,0,7.99,1.0,0.0,1.0
233,2025,17,0,6,5,25,1,0,5.0,-0.9659258262890683,-0.25881904510252063,-0.7818314824680299,0.6234898018587334,0,0,1,0,7.99,1.0,0.0,1.0
234,2025,18,0,6,5,25,1,0,4.0,-1.0,-1.8369701987210297e-16,-0.7818314824680299,0.6234898018587334,0,0,1,0,7.99,1.0,0.0,1.0
235,2025,20,0,6,5,25,1,1,2.0,-0.8660254037844386,0.5000000000000001,-0.7818314824680299,0.6234898018587334,0,0,0,0,7.99,1.0,0.0,1.0
236,2025,16,30,2,5,28,0,0,5.5,-0.8660254037844385,-0.5000000000000004,0.9749279121818236,-0.22252093395631434,0,0,0,0,7.99,1.0,0.0,1.0
237,2025,18,0,2,5,28,0,0,4.0,-1.0,-1.8369701987210297e-16,0.9749279121818236,-0.22252093395631434,0,0,1,0,7.99,1.0,0.0,1.0
238,2025,16,30,4,5,30,0,0,5.5,-0.8660254037844385,-0.5000000000000004,-0.433883739117558,-0.9009688679024191,0,0,0,0,7.989999999999999,1.0,0.0,1.0
239,2025,18,30,4,5,30,0,0,3.5,-1.0,-1.8369701987210297e-16,-0.433883739117558,-0.9009688679024191,0,0,1,0,7.99,1.0,0.0,1.0
240,2025,19,30,4,5,30,0,0,2.5,-0.9659258262890684,0.2588190451025203,-0.433883739117558,-0.9009688679024191,0,0,0,0,7.99,1.0,0.0,1.0
241,2025,21,30,4,5,30,0,1,0.5,-0.7071067811865477,0.7071067811865474,-0.433883739117558,-0.9009688679024191,0,0,0,0,7.99,1.0,0.0,1.0
242,2025,14,30,5,5,31,1,0,7.5,-0.4999999999999997,-0.8660254037844388,-0.9749279121818236,-0.2225209339563146,0,0,0,0,7.99,1.0,0.0,1.0
243,2025,16,30,5,5,31,1,0,5.5,-0.8660254037844385,-0.5000000000000004,-0.9749279121818236,-0.2225209339563146,0,0,0,0,7.99,1.0,0.0,1.0
244,2025,14,0,6,6,1,1,0,8.0,-0.4999999999999997,-0.8660254037844388,-0.7818314824680299,0.6234898018587334,0,0,0,0,7.99,1.0,0.0,1.0
245,2025,16,30,6,6,1,1,0,5.5,-0.8660254037844385,-0.5000000000000004,-0.7818314824680299,0.6234898018587334,0,0,0,0,7.99,1.0,0.0,1.0
246,2025,17,30,6,6,1,1,0,4.5,-0.9659258262890683,-0.25881904510252063,-0.7818314824680299,0.6234898018587334,0,0,1,0,7.989999999999999,1.0,0.0,1.0
247,2025,20,30,6,6,1,1,1,1.5,-0.8660254037844386,0.5000000000000001,-0.7818314824680299,0.6234898018587334,0,0,0,0,7.99,1.0,0.0,1.0
248,2025,21,0,6,6,1,1,1,1.0,-0.7071067811865477,0.7071067811865474,-0.7818314824680299,0.6234898018587334,0,0,0,0,7.989999999999999,1.0,0.0,1.0
249,2025,13,0,0,6,2,0,0,9.0,-0.2588190451025208,-0.9659258262890683,0.0,1.0,0,0,0,0,7.99,1.0,0.0,1.0
250,2025,17,0,0,6,2,0,0,5.0,-0.9659258262890683,-0.25881904510252063,0.0,1.0,0,0,1,0,7.99,1.0,0.0,1.0
251,2025,18,0,0,6,2,0,0,4.0,-1.0,-1.8369701987210297e-16,0.0,1.0,0,0,1,0,7.99,1.0,0.0,1.0
252,2025,19,0,0,6,2,0,0,3.0,-0.9659258262890684,0.2588190451025203,0.0,1.0,0,0,0,0,7.99,1.0,0.0,1.0
253,2025,18,30,4,6,6,0,0,3.5,-1.0,-1.8369701987210297e-16,-0.433883739117558,-0.9009688679024191,0,0,1,0,7.99,1.0,0.0,1.0
254,2025,16,0,0,6,9,0,0,6.0,-0.8660254037844385,-0.5000000000000004,0.0,1.0,0,0,0,0,7.99,1.0,0.0,1.0
255,2025,17,0,0,6,9,0,0,5.0,-0.9659258262890683,-0.25881904510252063,0.0,1.0,0,0,1,0,7.99,1.0,0.0,1.0
256,2025,17,30,0,6,9,0,0,4.5,-0.9659258262890683,-0.25881904510252063,0.0,1.0,0,0,1,0,7.99,1.0,0.0,1.0
257,2025,20,30,0,6,9,0,1,1.5,-0.8660254037844386,0.5000000000000001,0.0,1.0,0,0,0,0,7.99,1.0,0.0,1.0
258,2025,17,30,1,6,10,0,0,4.5,-0.9659258262890683,-0.25881904510252063,0.7818314824680298,0.6234898018587336,0,0,1,0,7.99,1.0,0.0,1.0
259,2025,19,0,1,6,10,0,0,3.0,-0.9659258262890684,0.2588190451025203,0.7818314824680298,0.6234898018587336,0,0,0,0,7.99,1.0,0.0,1.0
260,2025,19,30,1,6,10,0,0,2.5,-0.9659258262890684,0.2588190451025203,0.7818314824680298,0.6234898018587336,0,0,0,0,7.989999999999999,1.0,0.0,1.0
261,2025,13,30,2,6,11,0,0,8.5,-0.2588190451025208,-0.9659258262890683,0.9749279121818236,-0.22252093395631434,0,0,0,0,7.99,1.0,0.0,1.0
262,2025,14,0,2,6,11,0,0,8.0,-0.4999999999999997,-0.8660254037844388,0.9749279121818236,-0.22252093395631434,0,0,0,0,7.99,1.0,0.0,1.0
263,2025,19,30,2,6,11,0,0,2.5,-0.9659258262890684,0.2588190451025203,0.9749279121818236,-0.22252093395631434,0,0,0,0,7.99,1.0,0.0,1.0
264,2025,20,30,2,6,11,0,1,1.5,-0.8660254037844386,0.5000000000000001,0.9749279121818236,-0.22252093395631434,0,0,0,0,7.989999999999999,1.0,0.0,1.0
265,2025,16,30,3,6,12,0,0,5.5,-0.8660254037844385,-0.5000000000000004,0.43388373911755823,-0.900968867902419,0,0,0,0,7.99,1.0,0.0,1.0
266,2025,17,30,3,6,12,0,0,4.5,-0.9659258262890683,-0.25881904510252063,0.43388373911755823,-0.900968867902419,0,0,1,0,7.99,1.0,0.0,1.0
267,2025,21,0,3,6,12,0,1,1.0,-0.7071067811865477,0.7071067811865474,0.43388373911755823,-0.900968867902419,0,0,0,0,7.99,1.0,0.0,1.0
268,2025,21,30,3,6,12,0,1,0.5,-0.7071067811865477,0.7071067811865474,0.43388373911755823,-0.900968867902419,0,0,0,0,7.99,1.0,0.0,1.0
269,2025,14,30,4,6,13,0,0,7.5,-0.4999999999999997,-0.8660254037844388,-0.433883739117558,-0.9009688679024191,0,0,0,0,7.99,1.0,0.0,1.0
270,2025,18,0,4,6,13,0,0,4.0,-1.0,-1.8369701987210297e-16,-0.433883739117558,-0.9009688679024191,0,0,1,0,7.99,1.0,0.0,1.0
271,2025,19,30,4,6,13,0,0,2.5,-0.9659258262890684,0.2588190451025203,-0.433883739117558,-0.9009688679024191,0,0,0,0,7.99,1.0,0.0,1.0
272,2025,15,30,5,6,14,1,0,6.5,-0.7071067811865471,-0.7071067811865479,-0.9749279121818236,-0.2225209339563146,0,0,0,0,7.99,1.0,0.0,1.0
273,2025,16,30,5,6,14,1,0,5.5,-0.8660254037844385,-0.5000000000000004,-0.9749279121818236,-0.2225209339563146,0,0,0,0,7.99,1.0,0.0,1.0
274,2025,19,0,5,6,14,1,0,3.0,-0.9659258262890684,0.2588190451025203,-0.9749279121818236,-0.2225209339563146,0,0,0,0,7.99,1.0,0.0,1.0
275,2025,20,0,5,6,14,1,1,2.0,-0.8660254037844386,0.5000000000000001,-0.9749279121818236,-0.2225209339563146,0,0,0,0,7.99,1.0,0.0,1.0
276,2025,21,30,5,6,14,1,1,0.5,-0.7071067811865477,0.7071067811865474,-0.9749279121818236,-0.2225209339563146,0,0,0,0,7.99,1.0,0.0,1.0
277,2025,18,30,6,6,15,1,0,3.5,-1.0,-1.8369701987210297e-16,-0.7818314824680299,0.6234898018587334,0,0,1,0,7.989999999999999,1.0,0.0,1.0
278,2025,19,30,6,6,15,1,0,2.5,-0.9659258262890684,0.2588190451025203,-0.7818314824680299,0.6234898018587334,0,0,0,0,7.99,1.0,0.0,1.0
279,2025,21,30,6,6,15,1,1,0.5,-0.7071067811865477,0.7071067811865474,-0.7818314824680299,0.6234898018587334,0,0,0,0,7.99,1.0,0.0,1.0
280,2025,17,0,0,6,16,0,0,5.0,-0.9659258262890683,-0.25881904510252063,0.0,1.0,0,0,1,0,7.99,1.0,0.0,1.0
281,2025,17,30,0,6,16,0,0,4.5,-0.9659258262890683,-0.25881904510252063,0.0,1.0,0,0,1,0,7.99,1.0,0.0,1.0
282,2025,19,30,0,6,16,0,0,2.5,-0.9659258262890684,0.2588190451025203,0.0,1.0,0,0,0,0,7.99,1.0,0.0,1.0
283,2025,20,30,0,6,16,0,1,1.5,-0.8660254037844386,0.5000000000000001,0.0,1.0,0,0,0,0,7.99,1.0,0.0,1.0
284,2025,21,30,0,6,16,0,1,0.5,-0.7071067811865477,0.7071067811865474,0.0,1.0,0,0,0,0,7.99,1.0,0.0,1.0
285,2025,19,30,1,6,17,0,0,2.5,-0.9659258262890684,0.2588190451025203,0.7818314824680298,0.6234898018587336,0,0,0,0,7.99,1.0,0.0,1.0
286,2025,21,30,1,6,17,0,1,0.5,-0.7071067811865477,0.7071067811865474,0.7818314824680298,0.6234898018587336,0,0,0,0,7.99,1.0,0.0,1.0
287,2025,16,30,2,6,18,0,0,5.5,-0.8660254037844385,-0.5000000000000004,0.9749279121818236,-0.22252093395631434,0,0,0,0,7.99,1.0,0.0,1.0
288,2025,18,30,2,6,18,0,0,3.5,-1.0,-1.8369701987210297e-16,0.9749279121818236,-0.22252093395631434,0,0,1,0,7.99,1.0,0.0,1.0
289,2025,20,30,2,6,18,0,1,1.5,-0.8660254037844386,0.5000000000000001,0.9749279121818236,-0.22252093395631434,0,0,0,0,7.99,1.0,0.0,1.0
290,2025,21,0,2,6,18,0,1,1.0,-0.7071067811865477,0.7071067811865474,0.9749279121818236,-0.22252093395631434,0,0,0,0,7.99,1.0,0.0,1.0
291,2025,15,0,3,6,19,0,0,7.0,-0.7071067811865471,-0.7071067811865479,0.43388373911755823,-0.900968867902419,0,0,0,0,7.99,1.0,0.0,1.0
292,2025,20,30,3,6,19,0,1,1.5,-0.8660254037844386,0.5000000000000001,0.43388373911755823,-0.900968867902419,0,0,0,0,7.99,1.0,0.0,1.0
293,2025,16,0,4,6,20,0,0,6.0,-0.8660254037844385,-0.5000000000000004,-0.433883739117558,-0.9009688679024191,0,0,0,0,7.99,1.0,0.0,1.0
294,2025,16,30,4,6,20,0,0,5.5,-0.8660254037844385,-0.5000000000000004,-0.433883739117558,-0.9009688679024191,0,0,0,0,7.99,1.0,0.0,1.0
295,2025,17,30,4,6,20,0,0,4.5,-0.9659258262890683,-0.25881904510252063,-0.433883739117558,-0.9009688679024191,0,0,1,0,7.989999999999999,1.0,0.0,1.0
296,2025,19,0,4,6,20,0,0,3.0,-0.9659258262890684,0.2588190451025203,-0.433883739117558,-0.9009688679024191,0,0,0,0,7.99,1.0,0.0,1.0
297,2025,20,30,4,6,20,0,1,1.5,-0.8660254037844386,0.5000000000000001,-0.433883739117558,-0.9009688679024191,0,0,0,0,7.99,1.0,0.0,1.0
298,2025,21,0,4,6,20,0,1,1.0,-0.7071067811865477,0.7071067811865474,-0.433883739117558,-0.9009688679024191,0,0,0,0,7.99,1.0,0.0,1.0
299,2025,16,0,6,6,22,1,0,6.0,-0.8660254037844385,-0.5000000000000004,-0.7818314824680299,0.6234898018587334,0,0,0,0,7.99,1.0,0.0,1.0
300,2025,14,30,0,6,23,0,0,7.5,-0.4999999999999997,-0.8660254037844388,0.0,1.0,0,0,0,0,7.99,1.0,0.0,1.0
301,2025,17,0,0,6,23,0,0,5.0,-0.9659258262890683,-0.25881904510252063,0.0,1.0,0,0,1,0,7.99,1.0,0.0,1.0
302,2025,17,30,0,6,23,0,0,4.5,-0.9659258262890683,-0.25881904510252063,0.0,1.0,0,0,1,0,7.99,1.0,0.0,1.0
303,2025,18,0,0,6,23,0,0,4.0,-1.0,-1.8369701987210297e-16,0.0,1.0,0,0,1,0,7.99,1.0,0.0,1.0
304,2025,16,0,1,6,24,0,0,6.0,-0.8660254037844385,-0.5000000000000004,0.7818314824680298,0.6234898018587336,0,0,0,0,7.99,1.0,0.0,1.0
305,2025,17,30,1,6,24,0,0,4.5,-0.9659258262890683,-0.25881904510252063,0.7818314824680298,0.6234898018587336,0,0,1,0,7.99,1.0,0.0,1.0
306,2025,19,0,2,6,25,0,0,3.0,-0.9659258262890684,0.2588190451025203,0.9749279121818236,-0.22252093395631434,0,0,0,0,7.99,1.0,0.0,1.0
307,2025,10,30,3,6,26,0,0,11.5,0.49999999999999994,-0.8660254037844387,0.43388373911755823,-0.900968867902419,0,0,0,0,7.99,1.0,0.0,1.0
308,2025,17,0,3,6,26,0,0,5.0,-0.9659258262890683,-0.25881904510252063,0.43388373911755823,-0.900968867902419,0,0,1,0,7.99,1.0,0.0,1.0
309,2025,17,30,3,6,26,0,0,4.5,-0.9659258262890683,-0.25881904510252063,0.43388373911755823,-0.900968867902419,0,0,1,0,7.99,1.0,0.0,1.0
310,2025,18,30,3,6,26,0,0,3.5,-1.0,-1.8369701987210297e-16,0.43388373911755823,-0.900968867902419,0,0,1,0,7.99,1.0,0.0,1.0
311,2025,19,30,3,6,26,0,0,2.5,-0.9659258262890684,0.2588190451025203,0.43388373911755823,-0.900968867902419,0,0,0,0,7.989999999999999,1.0,0.0,1.0
312,2025,14,30,4,6,27,0,0,7.5,-0.4999999999999997,-0.8660254037844388,-0.433883739117558,-0.9009688679024191,0,0,0,0,7.99,1.0,0.0,1.0
313,2025,21,30,4,6,27,0,1,0.5,-0.7071067811865477,0.7071067811865474,-0.433883739117558,-0.9009688679024191,0,0,0,0,7.99,1.0,0.0,1.0
314,2025,18,0,5,6,28,1,0,4.0,-1.0,-1.8369701987210297e-16,-0.9749279121818236,-0.2225209339563146,0,0,1,0,7.99,1.0,0.0,1.0
315,2025,14,0,6,6,29,1,0,8.0,-0.4999999999999997,-0.8660254037844388,-0.7818314824680299,0.6234898018587334,0,0,0,0,7.99,1.0,0.0,1.0
316,2025,14,30,6,6,29,1,0,7.5,-0.4999999999999997,-0.8660254037844388,-0.7818314824680299,0.6234898018587334,0,0,0,0,7.99,1.0,0.0,1.0
317,2025,20,30,6,6,29,1,1,1.5,-0.8660254037844386,0.5000000000000001,-0.7818314824680299,0.6234898018587334,0,0,0,0,7.99,1.0,0.0,1.0
318,2025,21,0,6,6,29,1,1,1.0,-0.7071067811865477,0.7071067811865474,-0.7818314824680299,0.6234898018587334,0,0,0,0,7.99,1.0,0.0,1.0
319,2025,21,30,6,6,29,1,1,0.5,-0.7071067811865477,0.7071067811865474,-0.7818314824680299,0.6234898018587334,0,0,0,0,7.99,1.0,0.0,1.0
320,2025,16,0,0,6,30,0,0,6.0,-0.8660254037844385,-0.5000000000000004,0.0,1.0,0,0,0,0,7.99,1.0,0.0,1.0
321,2025,18,30,0,6,30,0,0,3.5,-1.0,-1.8369701987210297e-16,0.0,1.0,0,0,1,0,7.99,1.0,0.0,1.0
322,2025,19,30,0,6,30,0,0,2.5,-0.9659258262890684,0.2588190451025203,0.0,1.0,0,0,0,0,7.989999999999999,1.0,0.0,1.0
323,2025,16,30,1,7,1,0,0,5.5,-0.8660254037844385,-0.5000000000000004,0.7818314824680298,0.6234898018587336,0,0,0,0,7.99,1.0,0.0,1.0
324,2025,17,30,1,7,1,0,0,4.5,-0.9659258262890683,-0.25881904510252063,0.7818314824680298,0.6234898018587336,0,0,1,0,7.99,1.0,0.0,1.0
325,2025,18,0,1,7,1,0,0,4.0,-1.0,-1.8369701987210297e-16,0.7818314824680298,0.6234898018587336,0,0,1,0,7.99,1.0,0.0,1.0
326,2025,20,30,1,7,1,0,1,1.5,-0.8660254037844386,0.5000000000000001,0.7818314824680298,0.6234898018587336,0,0,0,0,7.99,1.0,0.0,1.0
327,2025,16,30,2,7,2,0,0,5.5,-0.8660254037844385,-0.5000000000000004,0.9749279121818236,-0.22252093395631434,0,0,0,0,7.99,1.0,0.0,1.0
328,2025,19,0,2,7,2,0,0,3.0,-0.9659258262890684,0.2588190451025203,0.9749279121818236,-0.22252093395631434,0,0,0,0,7.99,1.0,0.0,1.0
329,2025,13,30,3,7,3,0,0,8.5,-0.2588190451025208,-0.9659258262890683,0.43388373911755823,-0.900968867902419,0,0,0,0,7.99,1.0,0.0,1.0
330,2025,16,30,4,7,4,0,0,5.5,-0.8660254037844385,-0.5000000000000004,-0.433883739117558,-0.9009688679024191,0,0,0,0,7.99,1.0,0.0,1.0
331,2025,18,0,4,7,4,0,0,4.0,-1.0,-1.8369701987210297e-16,-0.433883739117558,-0.9009688679024191,0,0,1,0,7.99,1.0,0.0,1.0
332,2025,18,30,4,7,4,0,0,3.5,-1.0,-1.8369701987210297e-16,-0.433883739117558,-0.9009688679024191,0,0,1,0,7.99,1.0,0.0,1.0
333,2025,20,0,4,7,4,0,1,2.0,-0.8660254037844386,0.5000000000000001,-0.433883739117558,-0.9009688679024191,0,0,0,0,7.99,1.0,0.0,1.0
334,2025,15,30,5,7,5,1,0,6.5,-0.7071067811865471,-0.7071067811865479,-0.9749279121818236,-0.2225209339563146,0,0,0,0,7.99,1.0,0.0,1.0
335,2025,17,0,5,7,5,1,0,5.0,-0.9659258262890683,-0.25881904510252063,-0.9749279121818236,-0.2225209339563146,0,0,1,0,7.99,1.0,0.0,1.0
336,2025,17,30,5,7,5,1,0,4.5,-0.9659258262890683,-0.25881904510252063,-0.9749279121818236,-0.2225209339563146,0,0,1,0,7.99,1.0,0.0,1.0
337,2025,15,30,6,7,6,1,0,6.5,-0.7071067811865471,-0.7071067811865479,-0.7818314824680299,0.6234898018587334,0,0,0,0,7.989999999999999,1.0,0.0,1.0
338,2025,19,30,6,7,6,1,0,2.5,-0.9659258262890684,0.2588190451025203,-0.7818314824680299,0.6234898018587334,0,0,0,0,7.99,1.0,0.0,1.0
339,2025,20,30,6,7,6,1,1,1.5,-0.8660254037844386,0.5000000000000001,-0.7818314824680299,0.6234898018587334,0,0,0,0,7.99,1.0,0.0,1.0
340,2025,17,30,0,7,7,0,0,4.5,-0.9659258262890683,-0.25881904510252063,0.0,1.0,0,0,1,0,7.99,1.0,0.0,1.0
341,2025,18,0,0,7,7,0,0,4.0,-1.0,-1.8369701987210297e-16,0.0,1.0,0,0,1,0,7.99,1.0,0.0,1.0
342,2025,20,30,0,7,7,0,1,1.5,-0.8660254037844386,0.5000000000000001,0.0,1.0,0,0,0,0,7.99,1.0,0.0,1.0
343,2025,13,0,1,7,8,0,0,9.0,-0.2588190451025208,-0.9659258262890683,0.7818314824680298,0.6234898018587336,0,0,0,0,7.99,1.0,0.0,1.0
344,2025,16,30,1,7,8,0,0,5.5,-0.8660254037844385,-0.5000000000000004,0.7818314824680298,0.6234898018587336,0,0,0,0,7.99,1.0,0.0,1.0
345,2025,17,30,1,7,8,0,0,4.5,-0.9659258262890683,-0.25881904510252063,0.7818314824680298,0.6234898018587336,0,0,1,0,7.99,1.0,0.0,1.0
346,2025,19,30,1,7,8,0,0,2.5,-0.9659258262890684,0.2588190451025203,0.7818314824680298,0.6234898018587336,0,0,0,0,7.99,1.0,0.0,1.0
347,2025,20,30,1,7,8,0,1,1.5,-0.8660254037844386,0.5000000000000001,0.7818314824680298,0.6234898018587336,0,0,0,0,7.99,1.0,0.0,1.0
348,2025,21,0,1,7,8,0,1,1.0,-0.7071067811865477,0.7071067811865474,0.7818314824680298,0.6234898018587336,0,0,0,0,7.99,1.0,0.0,1.0
349,2025,16,0,4,7,11,0,0,6.0,-0.8660254037844385,-0.5000000000000004,-0.433883739117558,-0.9009688679024191,0,0,0,0,7.99,1.0,0.0,1.0
350,2025,17,30,4,7,11,0,0,4.5,-0.9659258262890683,-0.25881904510252063,-0.433883739117558,-0.9009688679024191,0,0,1,0,7.99,1.0,0.0,1.0
351,2025,20,30,4,7,11,0,1,1.5,-0.8660254037844386,0.5000000000000001,-0.433883739117558,-0.9009688679024191,0,0,0,0,7.99,1.0,0.0,1.0
352,2025,16,30,6,7,13,1,0,5.5,-0.8660254037844385,-0.5000000000000004,-0.7818314824680299,0.6234898018587334,0,0,0,0,7.99,1.0,0.0,1.0
353,2025,19,30,6,7,13,1,0,2.5,-0.9659258262890684,0.2588190451025203,-0.7818314824680299,0.6234898018587334,0,0,0,0,7.99,1.0,0.0,1.0
354,2025,20,0,6,7,13,1,1,2.0,-0.8660254037844386,0.5000000000000001,-0.7818314824680299,0.6234898018587334,0,0,0,0,7.99,1.0,0.0,1.0
355,2025,21,30,6,7,13,1,1,0.5,-0.7071067811865477,0.7071067811865474,-0.7818314824680299,0.6234898018587334,0,0,0,0,7.99,1.0,0.0,1.0
356,2025,14,30,0,7,14,0,0,7.5,-0.4999999999999997,-0.8660254037844388,0.0,1.0,0,0,0,0,7.99,1.0,0.0,1.0
357,2025,15,0,1,7,15,0,0,7.0,-0.7071067811865471,-0.7071067811865479,0.7818314824680298,0.6234898018587336,0,0,0,0,7.99,1.0,0.0,1.0
358,2025,20,0,1,7,15,0,1,2.0,-0.8660254037844386,0.5000000000000001,0.7818314824680298,0.6234898018587336,0,0,0,0,7.99,1.0,0.0,1.0
359,2025,12,0,2,7,16,0,0,10.0,1.2246467991473532e-16,-1.0,0.9749279121818236,-0.22252093395631434,0,1,0,0,7.99,1.0,0.0,1.0
360,2025,16,30,2,7,16,0,0,5.5,-0.8660254037844385,-0.5000000000000004,0.9749279121818236,-0.22252093395631434,0,0,0,0,7.99,1.0,0.0,1.0
361,2025,21,0,2,7,16,0,1,1.0,-0.7071067811865477,0.7071067811865474,0.9749279121818236,-0.22252093395631434,0,0,0,0,7.99,1.0,0.0,1.0
362,2025,16,30,3,7,17,0,0,5.5,-0.8660254037844385,-0.5000000000000004,0.43388373911755823,-0.900968867902419,0,0,0,0,7.99,1.0,0.0,1.0
363,2025,19,30,3,7,17,0,0,2.5,-0.9659258262890684,0.2588190451025203,0.43388373911755823,-0.900968867902419,0,0,0,0,7.99,1.0,0.0,1.0
364,2025,21,0,3,7,17,0,1,1.0,-0.7071067811865477,0.7071067811865474,0.43388373911755823,-0.900968867902419,0,0,0,0,7.99,1.0,0.0,1.0
365,2025,12,0,6,7,20,1,0,10.0,1.2246467991473532e-16,-1.0,-0.7818314824680299,0.6234898018587334,0,1,0,0,7.99,1.0,0.0,1.0
366,2025,15,0,6,7,20,1,0,7.0,-0.7071067811865471,-0.7071067811865479,-0.7818314824680299,0.6234898018587334,0,0,0,0,7.99,1.0,0.0,1.0
367,2025,15,30,6,7,20,1,0,6.5,-0.7071067811865471,-0.7071067811865479,-0.7818314824680299,0.6234898018587334,0,0,0,0,7.99,1.0,0.0,1.0
368,2025,16,30,6,7,20,1,0,5.5,-0.8660254037844385,-0.5000000000000004,-0.7818314824680299,0.6234898018587334,0,0,0,0,7.989999999999999,1.0,0.0,1.0
369,2025,17,0,6,7,20,1,0,5.0,-0.9659258262890683,-0.25881904510252063,-0.7818314824680299,0.6234898018587334,0,0,1,0,7.99,1.0,0.0,1.0
370,2025,18,0,6,7,20,1,0,4.0,-1.0,-1.8369701987210297e-16,-0.7818314824680299,0.6234898018587334,0,0,1,0,7.99,1.0,0.0,1.0
371,2025,18,30,6,7,20,1,0,3.5,-1.0,-1.8369701987210297e-16,-0.7818314824680299,0.6234898018587334,0,0,1,0,7.99,1.0,0.0,1.0
372,2025,19,30,6,7,20,1,0,2.5,-0.9659258262890684,0.2588190451025203,-0.7818314824680299,0.6234898018587334,0,0,0,0,7.99,1.0,0.0,1.0
373,2025,20,0,6,7,20,1,1,2.0,-0.8660254037844386,0.5000000000000001,-0.7818314824680299,0.6234898018587334,0,0,0,0,7.99,1.0,0.0,1.0
374,2025,15,30,0,7,21,0,0,6.5,-0.7071067811865471,-0.7071067811865479,0.0,1.0,0,0,0,0,7.99,1.0,0.0,1.0
375,2025,16,30,0,7,21,0,0,5.5,-0.8660254037844385,-0.5000000000000004,0.0,1.0,0,0,0,0,7.99,1.0,0.0,1.0
376,2025,17,0,0,7,21,0,0,5.0,-0.9659258262890683,-0.25881904510252063,0.0,1.0,0,0,1,0,7.99,1.0,0.0,1.0
377,2025,18,30,0,7,21,0,0,3.5,-1.0,-1.8369701987210297e-16,0.0,1.0,0,0,1,0,7.99,1.0,0.0,1.0
378,2025,22,0,0,7,21,0,0,0.0,-0.5000000000000004,0.8660254037844384,0.0,1.0,0,0,0,1,7.99,1.0,0.0,1.0
379,2025,12,30,1,7,22,0,0,9.5,1.2246467991473532e-16,-1.0,0.7818314824680298,0.6234898018587336,0,1,0,0,7.99,1.0,0.0,1.0
380,2025,16,0,1,7,22,0,0,6.0,-0.8660254037844385,-0.5000000000000004,0.7818314824680298,0.6234898018587336,0,0,0,0,7.99,1.0,0.0,1.0
381,2025,20,30,1,7,22,0,1,1.5,-0.8660254037844386,0.5000000000000001,0.7818314824680298,0.6234898018587336,0,0,0,0,7.99,1.0,0.0,1.0
382,2025,15,0,2,7,23,0,0,7.0,-0.7071067811865471,-0.7071067811865479,0.9749279121818236,-0.22252093395631434,0,0,0,0,7.99,1.0,0.0,1.0
383,2025,16,30,2,7,23,0,0,5.5,-0.8660254037844385,-0.5000000000000004,0.9749279121818236,-0.22252093395631434,0,0,0,0,7.99,1.0,0.0,1.0
384,2025,17,0,2,7,23,0,0,5.0,-0.9659258262890683,-0.25881904510252063,0.9749279121818236,-0.22252093395631434,0,0,1,0,7.99,1.0,0.0,1.0
385,2025,18,30,2,7,23,0,0,3.5,-1.0,-1.8369701987210297e-16,0.9749279121818236,-0.22252093395631434,0,0,1,0,7.99,1.0,0.0,1.0
386,2025,11,30,3,7,24,0,0,10.5,0.258819045102521,-0.9659258262890682,0.43388373911755823,-0.900968867902419,0,1,0,0,7.99,1.0,0.0,1.0
387,2025,16,30,3,7,24,0,0,5.5,-0.8660254037844385,-0.5000000000000004,0.43388373911755823,-0.900968867902419,0,0,0,0,7.99,1.0,0.0,1.0
388,2025,18,30,3,7,24,0,0,3.5,-1.0,-1.8369701987210297e-16,0.43388373911755823,-0.900968867902419,0,0,1,0,7.99,1.0,0.0,1.0
389,2025,21,0,3,7,24,0,1,1.0,-0.7071067811865477,0.7071067811865474,0.43388373911755823,-0.900968867902419,0,0,0,0,7.99,1.0,0.0,1.0
390,2025,13,30,4,7,25,0,0,8.5,-0.2588190451025208,-0.9659258262890683,-0.433883739117558,-0.9009688679024191,0,0,0,0,7.99,1.0,0.0,1.0
391,2025,15,0,5,7,26,1,0,7.0,-0.7071067811865471,-0.7071067811865479,-0.9749279121818236,-0.2225209339563146,0,0,0,0,7.99,1.0,0.0,1.0
392,2025,21,30,5,7,26,1,1,0.5,-0.7071067811865477,0.7071067811865474,-0.9749279121818236,-0.2225209339563146,0,0,0,0,7.99,1.0,0.0,1.0
393,2025,17,0,6,7,27,1,0,5.0,-0.9659258262890683,-0.25881904510252063,-0.7818314824680299,0.6234898018587334,0,0,1,0,7.99,1.0,0.0,1.0
394,2025,18,0,6,7,27,1,0,4.0,-1.0,-1.8369701987210297e-16,-0.7818314824680299,0.6234898018587334,0,0,1,0,7.99,1.0,0.0,1.0
395,2025,18,30,6,7,27,1,0,3.5,-1.0,-1.8369701987210297e-16,-0.7818314824680299,0.6234898018587334,0,0,1,0,7.99,1.0,0.0,1.0
396,2025,19,0,6,7,27,1,0,3.0,-0.9659258262890684,0.2588190451025203,-0.7818314824680299,0.6234898018587334,0,0,0,0,7.99,1.0,0.0,1.0
397,2025,13,30,0,7,28,0,0,8.5,-0.2588190451025208,-0.9659258262890683,0.0,1.0,0,0,0,0,7.99,1.0,0.0,1.0
398,2025,14,30,0,7,28,0,0,7.5,-0.4999999999999997,-0.8660254037844388,0.0,1.0,0,0,0,0,7.99,1.0,0.0,1.0
399,2025,21,30,0,7,28,0,1,0.5,-0.7071067811865477,0.7071067811865474,0.0,1.0,0,0,0,0,5.59,0.6996245306633291,1.0,1.4293381037567086
400,2025,15,30,1,7,29,0,0,6.5,-0.7071067811865471,-0.7071067811865479,0.7818314824680298,0.6234898018587336,0,0,0,0,7.99,1.0,0.0,1.0
401,2025,20,0,1,7,29,0,1,2.0,-0.8660254037844386,0.5000000000000001,0.7818314824680298,0.6234898018587336,0,0,0,0,3.9900000000000007,0.49937421777221525,1.0,2.0025062656641603
402,2025,20,30,1,7,29,0,1,1.5,-0.8660254037844386,0.5000000000000001,0.7818314824680298,0.6234898018587336,0,0,0,0,3.99,0.4993742177722153,1.0,2.0025062656641603
403,2025,21,0,1,7,29,0,1,1.0,-0.7071067811865477,0.7071067811865474,0.7818314824680298,0.6234898018587336,0,0,0,0,3.99,0.4993742177722153,1.0,2.0025062656641603
404,2025,21,30,1,7,29,0,1,0.5,-0.7071067811865477,0.7071067811865474,0.7818314824680298,0.6234898018587336,0,0,0,0,3.99,0.4993742177722153,1.0,2.0025062656641603
405,2025,13,30,3,7,31,0,0,8.5,-0.2588190451025208,-0.9659258262890683,0.43388373911755823,-0.900968867902419,0,0,0,0,7.99,1.0,0.0,1.0
406,2025,14,0,3,7,31,0,0,8.0,-0.4999999999999997,-0.8660254037844388,0.43388373911755823,-0.900968867902419,0,0,0,0,7.99,1.0,0.0,1.0
407,2025,18,0,3,7,31,0,0,4.0,-1.0,-1.8369701987210297e-16,0.43388373911755823,-0.900968867902419,0,0,1,0,7.99,1.0,0.0,1.0
408,2025,19,30,3,7,31,0,0,2.5,-0.9659258262890684,0.2588190451025203,0.43388373911755823,-0.900968867902419,0,0,0,0,5.59,0.6996245306633291,1.0,1.4293381037567086
409,2025,20,0,3,7,31,0,1,2.0,-0.8660254037844386,0.5000000000000001,0.43388373911755823,-0.900968867902419,0,0,0,0,5.59,0.6996245306633291,1.0,1.4293381037567086
410,2025,20,30,3,7,31,0,1,1.5,-0.8660254037844386,0.5000000000000001,0.43388373911755823,-0.900968867902419,0,0,0,0,5.59,0.6996245306633291,1.0,1.4293381037567086
411,2025,14,30,4,8,1,0,0,7.5,-0.4999999999999997,-0.8660254037844388,-0.433883739117558,-0.9009688679024191,0,0,0,0,7.99,1.0,0.0,1.0
412,2025,19,30,4,8,1,0,0,2.5,-0.9659258262890684,0.2588190451025203,-0.433883739117558,-0.9009688679024191,0,0,0,0,3.99,0.4993742177722153,1.0,2.0025062656641603
413,2025,21,0,4,8,1,0,1,1.0,-0.7071067811865477,0.7071067811865474,-0.433883739117558,-0.9009688679024191,0,0,0,0,3.99,0.4993742177722153,1.0,2.0025062656641603
414,2025,13,0,5,8,2,1,0,9.0,-0.2588190451025208,-0.9659258262890683,-0.9749279121818236,-0.2225209339563146,0,0,0,0,7.99,1.0,0.0,1.0
415,2025,14,0,5,8,2,1,0,8.0,-0.4999999999999997,-0.8660254037844388,-0.9749279121818236,-0.2225209339563146,0,0,0,0,7.99,1.0,0.0,1.0
416,2025,16,0,5,8,2,1,0,6.0,-0.8660254037844385,-0.5000000000000004,-0.9749279121818236,-0.2225209339563146,0,0,0,0,7.99,1.0,0.0,1.0
417,2025,17,30,5,8,2,1,0,4.5,-0.9659258262890683,-0.25881904510252063,-0.9749279121818236,-0.2225209339563146,0,0,1,0,7.99,1.0,0.0,1.0
418,2025,19,0,5,8,2,1,0,3.0,-0.9659258262890684,0.2588190451025203,-0.9749279121818236,-0.2225209339563146,0,0,0,0,7.99,1.0,0.0,1.0
419,2025,20,0,5,8,2,1,1,2.0,-0.8660254037844386,0.5000000000000001,-0.9749279121818236,-0.2225209339563146,0,0,0,0,7.99,1.0,0.0,1.0
420,2025,13,0,6,8,3,1,0,9.0,-0.2588190451025208,-0.9659258262890683,-0.7818314824680299,0.6234898018587334,0,0,0,0,7.99,1.0,0.0,1.0
421,2025,21,0,6,8,3,1,1,1.0,-0.7071067811865477,0.7071067811865474,-0.7818314824680299,0.6234898018587334,0,0,0,0,3.99,0.4993742177722153,1.0,2.0025062656641603
422,2025,14,30,0,8,4,0,0,7.5,-0.4999999999999997,-0.8660254037844388,0.0,1.0,0,0,0,0,7.99,1.0,0.0,1.0
423,2025,16,0,0,8,4,0,0,6.0,-0.8660254037844385,-0.5000000000000004,0.0,1.0,0,0,0,0,7.99,1.0,0.0,1.0
424,2025,16,0,1,8,5,0,0,6.0,-0.8660254037844385,-0.5000000000000004,0.7818314824680298,0.6234898018587336,0,0,0,0,7.99,1.0,0.0,1.0
425,2025,16,30,1,8,5,0,0,5.5,-0.8660254037844385,-0.5000000000000004,0.7818314824680298,0.6234898018587336,0,0,0,0,7.99,1.0,0.0,1.0
426,2025,20,0,1,8,5,0,1,2.0,-0.8660254037844386,0.5000000000000001,0.7818314824680298,0.6234898018587336,0,0,0,0,3.99,0.4993742177722153,1.0,2.0025062656641603
427,2025,16,30,2,8,6,0,0,5.5,-0.8660254037844385,-0.5000000000000004,0.9749279121818236,-0.22252093395631434,0,0,0,0,7.99,1.0,0.0,1.0
428,2025,18,0,2,8,6,0,0,4.0,-1.0,-1.8369701987210297e-16,0.9749279121818236,-0.22252093395631434,0,0,1,0,7.99,1.0,0.0,1.0
429,2025,20,30,2,8,6,0,1,1.5,-0.8660254037844386,0.5000000000000001,0.9749279121818236,-0.22252093395631434,0,0,0,0,3.99,0.4993742177722153,1.0,2.0025062656641603
430,2025,21,0,2,8,6,0,1,1.0,-0.7071067811865477,0.7071067811865474,0.9749279121818236,-0.22252093395631434,0,0,0,0,3.99,0.4993742177722153,1.0,2.0025062656641603
431,2025,21,30,2,8,6,0,1,0.5,-0.7071067811865477,0.7071067811865474,0.9749279121818236,-0.22252093395631434,0,0,0,0,3.99,0.4993742177722153,1.0,2.0025062656641603
432,2025,14,0,3,8,7,0,0,8.0,-0.4999999999999997,-0.8660254037844388,0.43388373911755823,-0.900968867902419,0,0,0,0,7.99,1.0,0.0,1.0
433,2025,16,30,3,8,7,0,0,5.5,-0.8660254037844385,-0.5000000000000004,0.43388373911755823,-0.900968867902419,0,0,0,0,5.59,0.6996245306633291,1.0,1.4293381037567086
434,2025,18,0,3,8,7,0,0,4.0,-1.0,-1.8369701987210297e-16,0.43388373911755823,-0.900968867902419,0,0,1,0,5.59,0.6996245306633291,1.0,1.4293381037567086
435,2025,19,0,3,8,7,0,0,3.0,-0.9659258262890684,0.2588190451025203,0.43388373911755823,-0.900968867902419,0,0,0,0,5.59,0.6996245306633291,1.0,1.4293381037567086
436,2025,19,30,3,8,7,0,0,2.5,-0.9659258262890684,0.2588190451025203,0.43388373911755823,-0.900968867902419,0,0,0,0,5.59,0.6996245306633291,1.0,1.4293381037567086
437,2025,20,30,3,8,7,0,1,1.5,-0.8660254037844386,0.5000000000000001,0.43388373911755823,-0.900968867902419,0,0,0,0,5.59,0.6996245306633291,1.0,1.4293381037567086
